-- DML Section 1: Study Master (All studies first)
INSERT INTO Study_Master (Study_ID, Protocol_Title, Sponsor_Name, Development_Phase, Study_Start_Date, Study_End_Date) VALUES
('CT-2022-101', 'Phase 3 Study of Anti-Inflammatory Drug Z-042', 'PharmaGeno Inc.', 'Phase 3', '2022-07-01', '2024-01-30'),
('CT-2023-205', 'Dose-Finding Trial for Novel Sleep Aid S-11', 'NeuroPharma R&D', 'Phase 2', '2023-03-15', NULL),
('CT-2024-307', 'Cardio-Protective Agent A-99', 'Global Health Corp', 'Phase 3', '2024-01-01', NULL),
('CT-2024-401', 'Vaccine Efficacy Trial for Virus X', 'MegaVac Global', 'Phase 3', '2024-06-01', NULL),
('CT-2025-502', 'Pediatric Antibiotic Safety Review', 'KidsCare Pharma', 'Phase 4', '2025-01-15', NULL),
('CT-2025-603', 'Oncology Drug P-100: First-in-Human', 'ImmunoOnco Labs', 'Phase 1', '2025-03-01', NULL),
('CT-2025-704', 'Rare Disease Gene Therapy R-55', 'Orphan BioTech', 'Phase 2', '2025-05-10', '2028-05-10'),
('CT-2026-805', 'Metabolic Disorder Management Study', 'MetaboGen Corp', 'Phase 3', '2026-01-01', '2027-12-31');

-- DML Section 2: Site Details (Highly populated - 54 sites)
INSERT INTO Site_Details (Site_Code, Study_ID, Site_Location, Principal_Investigator) VALUES
('US001', 'CT-2022-101', 'New York, USA', 'Dr. J. Smith'),
('UK010', 'CT-2022-101', 'London, UK', 'Dr. A. Jones'),
('DE005', 'CT-2023-205', 'Berlin, Germany', 'Prof. M. Richter'),
('US002', 'CT-2023-205', 'California, USA', 'Dr. E. Chen'),
('CA015', 'CT-2024-307', 'Toronto, Canada', 'Dr. S. Lee'),
('FR003', 'CT-2024-307', 'Paris, France', 'Dr. P. Dubois'),
('US003', 'CT-2022-101', 'Miami, USA', 'Dr. R. Garcia'),
('FR001', 'CT-2022-101', 'Paris, France', 'Dr. L. Moreau'),
('CA005', 'CT-2022-101', 'Toronto, Canada', 'Dr. S. Chen'),
('AU012', 'CT-2022-101', 'Sydney, Australia', 'Dr. P. Patel'),
('BR018', 'CT-2022-101', 'Sao Paulo, Brazil', 'Dr. A. Costa'),
('IT007', 'CT-2022-101', 'Milan, Italy', 'Dr. V. Rossi'),
('DE011', 'CT-2022-101', 'Munich, Germany', 'Dr. H. Schmidt'),
('ES022', 'CT-2022-101', 'Madrid, Spain', 'Dr. M. Lopez'),
('MX004', 'CT-2022-101', 'Mexico City, Mexico', 'Dr. E. Hernandez'),
('US004', 'CT-2023-205', 'Chicago, USA', 'Dr. T. Wilson'),
('NL002', 'CT-2023-205', 'Amsterdam, NL', 'Dr. F. Jansen'),
('JP001', 'CT-2023-205', 'Tokyo, Japan', 'Dr. K. Tanaka'),
('IN015', 'CT-2023-205', 'New Delhi, India', 'Dr. G. Sharma'),
('KR008', 'CT-2023-205', 'Seoul, S. Korea', 'Dr. B. Kim'),
('SA009', 'CT-2023-205', 'Riyadh, Saudi Arabia', 'Dr. Z. Ali'),
('CH006', 'CT-2023-205', 'Zurich, Switzerland', 'Dr. R. Meier'),
('CA016', 'CT-2024-307', 'Montreal, Canada', 'Dr. G. Dubois'),
('FR003', 'CT-2024-307', 'Marseille, France', 'Dr. S. Leroy'),
('US005', 'CT-2024-307', 'Houston, USA', 'Dr. D. King'),
('UK011', 'CT-2024-307', 'Manchester, UK', 'Dr. C. Evans'),
('DE012', 'CT-2024-307', 'Hamburg, Germany', 'Dr. I. Fischer'),
('AU013', 'CT-2024-307', 'Perth, Australia', 'Dr. N. White'),
('BR019', 'CT-2024-307', 'Rio de Janeiro, Brazil', 'Dr. P. Santos'),
('IT008', 'CT-2024-307', 'Rome, Italy', 'Dr. F. Gallo'),
('MX005', 'CT-2024-307', 'Guadalajara, Mexico', 'Dr. C. Perez'),
('ES023', 'CT-2024-307', 'Barcelona, Spain', 'Dr. A. Vidal'),
('US006', 'CT-2024-307', 'Phoenix, USA', 'Dr. M. Green'),
('US007', 'CT-2024-401', 'Seattle, USA', 'Dr. K. Brown'),
('CN001', 'CT-2024-401', 'Shanghai, China', 'Dr. J. Wang'),
('RU001', 'CT-2024-401', 'Moscow, Russia', 'Dr. V. Ivanov'),
('AR001', 'CT-2024-401', 'Buenos Aires, Arg.', 'Dr. L. Fernandez'),
('EG001', 'CT-2024-401', 'Cairo, Egypt', 'Dr. T. Hussein'),
('NG001', 'CT-2024-401', 'Lagos, Nigeria', 'Dr. O. Adebayo'),
('PK001', 'CT-2024-401', 'Karachi, Pakistan', 'Dr. I. Khan'),
('BD001', 'CT-2024-401', 'Dhaka, Bangladesh', 'Dr. M. Rahman'),
('US008', 'CT-2025-502', 'Boston, USA', 'Dr. E. Adams'),
('CA017', 'CT-2025-502', 'Calgary, Canada', 'Dr. M. Blais'),
('UK012', 'CT-2025-502', 'Liverpool, UK', 'Dr. H. Scott'),
('DE013', 'CT-2025-603', 'Cologne, Germany', 'Dr. P. Voss'),
('FR004', 'CT-2025-603', 'Lyon, France', 'Dr. G. Martin'),
('US009', 'CT-2025-603', 'San Francisco, USA', 'Dr. A. Zaki'),
('JP002', 'CT-2025-603', 'Osaka, Japan', 'Dr. Y. Sato'),
('US010', 'CT-2025-704', 'Baltimore, USA', 'Dr. J. Lee'),
('DE014', 'CT-2025-704', 'Heidelberg, Germany', 'Dr. C. Bauer'),
('US011', 'CT-2026-805', 'Dallas, USA', 'Dr. N. Taylor'),
('UK013', 'CT-2026-805', 'Glasgow, UK', 'Dr. R. Miller'),
('CA018', 'CT-2026-805', 'Vancouver, Canada', 'Dr. K. Smith'),
('ES024', 'CT-2026-805', 'Valencia, Spain', 'Dr. B. Torres'),
('IT009', 'CT-2026-805', 'Naples, Italy', 'Dr. L. Ricci');


-- DML Section 3: Patient Demographics (53 Total Patients, using 0/1 for Dropout_Flag)
INSERT INTO Patient_Demographics (Subject_ID, Study_ID, Site_Code, Enrollment_Date, Age_at_Enrollment, Sex, Treatment_Arm, Dropout_Flag) VALUES
('P101-001', 'CT-2022-101', 'US001', '2022-08-01', 58, 'M', 'Active Drug Z-042', 0),
('P101-002', 'CT-2022-101', 'US001', '2022-08-05', 65, 'F', 'Placebo', 0),
('P101-003', 'CT-2022-101', 'UK010', '2022-09-10', 44, 'M', 'Active Drug Z-042', 1),
('P205-001', 'CT-2023-205', 'DE005', '2023-04-01', 32, 'F', 'High Dose S-11', 0),
('P205-002', 'CT-2023-205', 'US002', '2023-04-15', 51, 'M', 'Low Dose S-11', 0),
('P205-003', 'CT-2023-205', 'DE005', '2023-05-20', 40, 'F', 'Placebo', 0),
('P101-004', 'CT-2022-101', 'US001', '2022-08-15', 52, 'F', 'Active Drug Z-042', 0),
('P101-005', 'CT-2022-101', 'UK010', '2022-08-20', 60, 'M', 'Placebo', 0),
('P101-006', 'CT-2022-101', 'US003', '2022-09-01', 71, 'F', 'Active Drug Z-042', 1),
('P101-007', 'CT-2022-101', 'US001', '2022-09-05', 48, 'M', 'Active Drug Z-042', 0),
('P101-008', 'CT-2022-101', 'UK010', '2022-09-12', 55, 'F', 'Placebo', 0),
('P101-009', 'CT-2022-101', 'US003', '2022-10-01', 63, 'M', 'Active Drug Z-042', 0),
('P101-010', 'CT-2022-101', 'US001', '2022-10-10', 50, 'F', 'Placebo', 0),
('P101-011', 'CT-2022-101', 'UK010', '2022-10-15', 49, 'M', 'Active Drug Z-042', 0),
('P101-012', 'CT-2022-101', 'US003', '2022-11-01', 68, 'F', 'Active Drug Z-042', 1),
('P101-013', 'CT-2022-101', 'US001', '2022-11-05', 57, 'M', 'Placebo', 0),
('P101-014', 'CT-2022-101', 'UK010', '2022-11-10', 61, 'F', 'Active Drug Z-042', 0),
('P101-015', 'CT-2022-101', 'US003', '2022-11-20', 75, 'M', 'Active Drug Z-042', 0),
('P101-016', 'CT-2022-101', 'US001', '2022-12-01', 54, 'F', 'Placebo', 0),
('P101-017', 'CT-2022-101', 'UK010', '2022-12-05', 66, 'M', 'Active Drug Z-042', 0),
('P101-018', 'CT-2022-101', 'US003', '2022-12-10', 45, 'F', 'Active Drug Z-042', 0),
('P101-019', 'CT-2022-101', 'US001', '2023-01-01', 69, 'M', 'Placebo', 0),
('P101-020', 'CT-2022-101', 'UK010', '2023-01-05', 53, 'F', 'Active Drug Z-042', 0),
('P101-021', 'CT-2022-101', 'US003', '2023-01-10', 70, 'M', 'Active Drug Z-042', 0),
('P101-022', 'CT-2022-101', 'US001', '2023-01-15', 62, 'F', 'Placebo', 0),
('P101-023', 'CT-2022-101', 'UK010', '2023-01-20', 56, 'M', 'Active Drug Z-042', 1),
('P205-004', 'CT-2023-205', 'DE005', '2023-04-20', 35, 'M', 'High Dose S-11', 0),
('P205-005', 'CT-2023-205', 'US002', '2023-05-01', 41, 'F', 'Low Dose S-11', 0),
('P205-006', 'CT-2023-205', 'DE005', '2023-05-15', 28, 'F', 'Placebo', 0),
('P205-007', 'CT-2023-205', 'US002', '2023-06-01', 39, 'M', 'High Dose S-11', 1),
('P205-008', 'CT-2023-205', 'DE005', '2023-06-10', 47, 'F', 'Low Dose S-11', 0),
('P205-009', 'CT-2023-205', 'US002', '2023-06-20', 30, 'M', 'Placebo', 0),
('P205-010', 'CT-2023-205', 'DE005', '2023-07-01', 55, 'F', 'High Dose S-11', 0),
('P205-011', 'CT-2023-205', 'US002', '2023-07-15', 25, 'M', 'Low Dose S-11', 0),
('P205-012', 'CT-2023-205', 'DE005', '2023-08-01', 43, 'F', 'Placebo', 0),
('P205-013', 'CT-2023-205', 'US002', '2023-08-10', 38, 'M', 'High Dose S-11', 0),
('P205-014', 'CT-2023-205', 'DE005', '2023-08-20', 50, 'F', 'Low Dose S-11', 0),
('P205-015', 'CT-2023-205', 'US002', '2023-09-01', 33, 'M', 'Placebo', 1),
('P205-016', 'CT-2023-205', 'DE005', '2023-09-10', 46, 'F', 'High Dose S-11', 0),
('P205-017', 'CT-2023-205', 'US002', '2023-09-20', 29, 'M', 'Low Dose S-11', 0),
('P205-018', 'CT-2023-205', 'DE005', '2023-10-01', 42, 'F', 'Placebo', 0),
('P307-001', 'CT-2024-307', 'CA015', '2024-02-01', 68, 'M', 'Active Agent A-99', 0),
('P307-002', 'CT-2024-307', 'FR003', '2024-02-15', 72, 'F', 'Placebo', 0),
('P307-003', 'CT-2024-307', 'CA015', '2024-03-01', 65, 'M', 'Active Agent A-99', 0),
('P307-004', 'CT-2024-307', 'FR003', '2024-03-10', 70, 'F', 'Active Agent A-99', 1),
('P307-005', 'CT-2024-307', 'CA015', '2024-03-20', 61, 'M', 'Placebo', 0),
('P307-006', 'CT-2024-307', 'FR003', '2024-04-01', 78, 'F', 'Active Agent A-99', 0),
('P307-007', 'CT-2024-307', 'CA015', '2024-04-10', 59, 'M', 'Active Agent A-99', 0),
('P307-008', 'CT-2024-307', 'FR003', '2024-04-20', 63, 'F', 'Placebo', 0),
('P307-009', 'CT-2024-307', 'CA015', '2024-05-01', 74, 'M', 'Active Agent A-99', 0),
('P307-010', 'CT-2024-307', 'FR003', '2024-05-10', 67, 'F', 'Active Agent A-99', 0),
('P307-011', 'CT-2024-307', 'CA015', '2024-05-20', 66, 'M', 'Placebo', 0),
('P307-012', 'CT-2024-307', 'FR003', '2024-06-01', 71, 'F', 'Active Agent A-99', 0),
('P307-013', 'CT-2024-307', 'CA015', '2024-06-10', 64, 'M', 'Active Agent A-99', 0),
('P307-014', 'CT-2024-307', 'FR003', '2024-06-20', 73, 'F', 'Placebo', 0),
('P307-015', 'CT-2024-307', 'CA015', '2024-07-01', 69, 'M', 'Active Agent A-99', 0);


-- DML Section 4: Concomitant Meds (53 Total Records)
INSERT INTO Concomitant_Meds (ConMed_ID, Subject_ID, Medication_Name, Start_Date, End_Date) VALUES
(8001, 'P101-002', 'Lisinopril', '2021-01-01', NULL),
(8002, 'P205-002', 'Ibuprofen', '2023-05-01', '2023-05-15'),
(8003, 'P101-003', 'Paracetamol', '2022-09-08', '2022-09-12'),
(8004, 'P101-004', 'Metformin', '2022-01-01', NULL),
(8005, 'P101-005', 'Aspirin', '2022-08-01', NULL),
(8006, 'P101-006', 'Multivitamin', '2022-07-15', '2023-01-01'),
(8007, 'P101-007', 'Ranitidine', '2022-09-01', '2022-10-01'),
(8008, 'P101-008', 'Calcium D', '2022-06-01', NULL),
(8009, 'P101-009', 'Hydrochlorothiazide', '2022-05-01', NULL),
(8010, 'P101-010', 'None', '2022-10-10', NULL),
(8011, 'P101-011', 'Fluoxetine', '2022-09-01', NULL),
(8012, 'P101-012', 'Furosemide', '2022-10-15', NULL),
(8013, 'P101-013', 'Amoxicillin', '2022-11-01', '2022-11-08'),
(8014, 'P101-014', 'Simvastatin', '2021-01-01', NULL),
(8015, 'P101-015', 'Gabapentin', '2022-11-01', NULL),
(8016, 'P101-016', 'Melatonin', '2022-11-15', '2022-12-15'),
(8017, 'P101-017', 'Albuterol', '2022-12-01', NULL),
(8018, 'P101-018', 'Tamsulosin', '2022-10-01', NULL),
(8019, 'P101-019', 'Amlodipine', '2023-01-01', NULL),
(8020, 'P101-020', 'Magnesium', '2022-12-01', NULL),
(8021, 'P101-021', 'Prednisone', '2023-01-05', '2023-01-15'),
(8022, 'P101-022', 'Levothyroxine', '2022-01-01', NULL),
(8023, 'P101-023', 'Omeprazole', '2022-12-01', NULL),
(8024, 'P205-004', 'None', '2023-04-20', NULL),
(8025, 'P205-005', 'Vitamin D', '2023-01-01', NULL),
(8026, 'P205-006', 'Dextromethorphan', '2023-05-25', '2023-06-05'),
(8027, 'P205-007', 'Diphenhydramine', '2023-06-01', '2023-06-05'),
(8028, 'P205-008', 'None', '2023-06-10', NULL),
(8029, 'P205-009', 'Fish Oil', '2023-05-01', NULL),
(8030, 'P205-010', 'B12', '2023-07-01', NULL),
(8031, 'P205-011', 'Cetirizine', '2023-07-15', '2023-08-15'),
(8032, 'P205-012', 'None', '2023-08-01', NULL),
(8033, 'P205-013', 'Zolpidem', '2023-08-01', '2023-08-15'),
(8034, 'P205-014', 'Ibuprofen', '2023-09-01', '2023-09-10'),
(8035, 'P205-015', 'Aspirin', '2023-09-01', NULL),
(8036, 'P205-016', 'None', '2023-09-10', NULL),
(8037, 'P205-017', 'Zinc', '2023-08-01', NULL),
(8038, 'P205-018', 'None', '2023-10-01', NULL),
(8039, 'P307-001', 'Warfarin', '2023-10-01', NULL),
(8040, 'P307-002', 'Digoxin', '2023-01-01', NULL),
(8041, 'P307-003', 'Amlodipine', '2024-01-01', NULL),
(8042, 'P307-004', 'Lisinopril', '2023-01-01', NULL),
(8043, 'P307-005', 'None', '2024-03-20', NULL),
(8044, 'P307-006', 'Diltiazem', '2024-03-01', NULL),
(8045, 'P307-007', 'Aspirin', '2024-01-01', NULL),
(8046, 'P307-008', 'None', '2024-04-20', NULL),
(8047, 'P307-009', 'Clopidogrel', '2023-11-01', NULL),
(8048, 'P307-010', 'Metoprolol', '2023-12-01', NULL),
(8049, 'P307-011', 'None', '2024-05-20', NULL),
(8050, 'P307-012', 'Atorvastatin', '2023-09-01', NULL),
(8051, 'P307-013', 'None', '2024-06-10', NULL),
(8052, 'P307-014', 'Folic Acid', '2024-01-01', NULL),
(8053, 'P307-015', 'None', '2024-07-01', NULL);


-- DML Section 5: Adverse Event Report (60 Total Records, using 0/1 for Serious_AE_Flag)
INSERT INTO Adverse_Event_Report (AE_Record_ID, Subject_ID, AE_Term, AE_Start_Date, AE_End_Date, Max_Severity, Relatedness_Assessment, Action_Taken, Outcome_Status, Serious_AE_Flag) VALUES
(5001, 'P101-001', 'Nausea', '2022-08-10', '2022-08-12', 'Mild', 'Possibly Related', 'None', 'Recovered/Resolved', 0),
(5002, 'P101-003', 'Severe Diarrhea', '2022-09-15', '2022-09-18', 'Severe', 'Definitely Related', 'Drug Withdrawn', 'Recovered/Resolved', 1),
(5003, 'P101-003', 'Dehydration', '2022-09-16', '2022-09-18', 'Moderate', 'Probably Related', 'Drug Withdrawn', 'Recovered/Resolved', 1),
(5004, 'P101-002', 'Common Cold', '2022-10-01', '2022-10-08', 'Mild', 'Not Related', 'None', 'Recovered/Resolved', 0),
(5005, 'P205-001', 'Dizziness', '2023-04-10', '2023-04-15', 'Moderate', 'Definitely Related', 'Dose Reduced', 'Recovered/Resolved', 0),
(5006, 'P205-001', 'Headache', '2023-05-01', '2023-05-03', 'Mild', 'Possibly Related', 'None', 'Recovered/Resolved', 0),
(5007, 'P205-002', 'Transient Rash', '2023-05-20', '2023-05-21', 'Mild', 'Not Related', 'None', 'Recovered/Resolved', 0),
(5008, 'P205-003', 'Insomnia', '2023-06-01', NULL, 'Moderate', 'Not Related', 'None', 'Ongoing', 0),
(5009, 'P101-001', 'Hives (Urticaria)', '2022-11-01', '2022-11-05', 'Severe', 'Probably Related', 'Drug Withdrawn', 'Recovered/Resolved', 1),
(5010, 'P101-004', 'Drowsiness', '2022-09-01', '2022-09-05', 'Mild', 'Possibly Related', 'None', 'Recovered/Resolved', 0),
(5011, 'P101-006', 'Rash (Severe)', '2022-09-10', '2022-09-15', 'Severe', 'Definitely Related', 'Drug Withdrawn', 'Recovered/Resolved', 1),
(5012, 'P101-007', 'Injection Site Pain', '2022-09-15', '2022-09-16', 'Mild', 'Definitely Related', 'None', 'Recovered/Resolved', 0),
(5013, 'P101-008', 'Influenza', '2022-10-05', '2022-10-12', 'Moderate', 'Not Related', 'None', 'Recovered/Resolved', 0),
(5014, 'P101-009', 'Nausea', '2022-10-15', '2022-10-17', 'Moderate', 'Probably Related', 'Dose Reduced', 'Recovered/Resolved', 0),
(5015, 'P101-009', 'Vomiting', '2022-10-16', '2022-10-17', 'Mild', 'Probably Related', 'Dose Reduced', 'Recovered/Resolved', 0),
(5016, 'P101-011', 'Headache', '2022-10-25', '2022-10-26', 'Mild', 'Possibly Related', 'None', 'Recovered/Resolved', 0),
(5017, 'P101-012', 'Severe Hypotension', '2022-11-10', '2022-11-15', 'Grade 4 (Life-Threatening)', 'Definitely Related', 'Drug Withdrawn', 'Recovered/Resolved', 1),
(5018, 'P101-013', 'Gastroenteritis', '2022-11-20', '2022-11-25', 'Moderate', 'Not Related', 'None', 'Recovered/Resolved', 0),
(5019, 'P101-014', 'Dry Mouth', '2022-12-01', '2022-12-05', 'Mild', 'Possibly Related', 'None', 'Recovered/Resolved', 0),
(5020, 'P101-015', 'Elevated Liver Enzymes', '2022-12-15', '2022-12-30', 'Severe', 'Probably Related', 'Drug Withdrawn', 'Recovered/Resolved', 1),
(5021, 'P101-017', 'Insomnia', '2023-01-10', '2023-01-20', 'Moderate', 'Possibly Related', 'None', 'Recovered/Resolved', 0),
(5022, 'P101-019', 'Fatigue', '2023-01-25', '2023-02-05', 'Mild', 'Not Related', 'None', 'Recovered/Resolved', 0),
(5023, 'P101-020', 'Peripheral Edema', '2023-02-01', '2023-02-15', 'Moderate', 'Probably Related', 'Dose Reduced', 'Recovering', 0),
(5024, 'P101-023', 'Severe Anaphylaxis', '2023-02-25', '2023-02-26', 'Grade 4 (Life-Threatening)', 'Definitely Related', 'Drug Withdrawn', 'Recovered/Resolved', 1),
(5025, 'P205-004', 'Nausea', '2023-04-30', '2023-05-02', 'Mild', 'Possibly Related', 'None', 'Recovered/Resolved', 0),
(5026, 'P205-005', 'Somnolence', '2023-05-15', '2023-05-18', 'Moderate', 'Definitely Related', 'Dose Reduced', 'Recovered/Resolved', 0),
(5027, 'P205-006', 'Common Cold', '2023-06-05', '2023-06-12', 'Mild', 'Not Related', 'None', 'Recovered/Resolved', 0),
(5028, 'P205-007', 'Severe Insomnia', '2023-06-15', '2023-06-25', 'Severe', 'Probably Related', 'Drug Withdrawn', 'Recovered/Resolved', 1),
(5029, 'P205-008', 'Dizziness', '2023-07-01', '2023-07-03', 'Mild', 'Possibly Related', 'None', 'Recovered/Resolved', 0),
(5030, 'P205-010', 'Headache', '2023-07-10', '2023-07-12', 'Mild', 'Possibly Related', 'None', 'Recovered/Resolved', 0),
(5031, 'P205-011', 'Fatigue', '2023-07-25', '2023-08-01', 'Moderate', 'Possibly Related', 'None', 'Recovered/Resolved', 0),
(5032, 'P205-013', 'Nightmares', '2023-08-20', '2023-08-25', 'Moderate', 'Definitely Related', 'Dose Reduced', 'Recovered/Resolved', 0),
(5033, 'P205-015', 'Severe Anxiety', '2023-09-15', '2023-10-01', 'Severe', 'Definitely Related', 'Drug Withdrawn', 'Recovered/Resolved', 1),
(5034, 'P205-016', 'Nausea', '2023-10-05', '2023-10-07', 'Mild', 'Possibly Related', 'None', 'Recovered/Resolved', 0),
(5035, 'P307-001', 'Major Bleeding Event', '2024-02-20', '2024-03-05', 'Grade 4 (Life-Threatening)', 'Probably Related', 'Drug Withdrawn', 'Recovering', 1),
(5036, 'P307-002', 'Headache', '2024-03-01', '2024-03-03', 'Mild', 'Not Related', 'None', 'Recovered/Resolved', 0),
(5037, 'P307-004', 'Palpitations', '2024-03-20', '2024-03-25', 'Moderate', 'Definitely Related', 'Drug Withdrawn', 'Recovered/Resolved', 1),
(5038, 'P307-006', 'Dizziness', '2024-04-10', '2024-04-15', 'Moderate', 'Possibly Related', 'None', 'Recovered/Resolved', 0),
(5039, 'P307-007', 'Injection Site Reaction', '2024-04-25', '2024-04-27', 'Mild', 'Definitely Related', 'None', 'Recovered/Resolved', 0),
(5040, 'P307-009', 'Nausea', '2024-05-15', '2024-05-17', 'Mild', 'Possibly Related', 'None', 'Recovered/Resolved', 0),
(5041, 'P307-010', 'Fatigue', '2024-06-05', '2024-06-10', 'Moderate', 'Probably Related', 'None', 'Recovered/Resolved', 0),
(5042, 'P307-012', 'Rash', '2024-06-15', '2024-06-18', 'Mild', 'Possibly Related', 'None', 'Recovered/Resolved', 0),
(5043, 'P307-013', 'Gastrointestinal Pain', '2024-07-01', '2024-07-05', 'Moderate', 'Probably Related', 'None', 'Ongoing', 0),
(5044, 'P101-004', 'Arthralgia', '2022-10-01', '2022-10-15', 'Moderate', 'Possibly Related', 'None', 'Recovered/Resolved', 0),
(5045, 'P101-005', 'Headache', '2022-11-01', '2022-11-03', 'Mild', 'Not Related', 'None', 'Recovered/Resolved', 0),
(5046, 'P101-007', 'Eczema Flare-up', '2022-12-01', '2022-12-30', 'Severe', 'Not Related', 'None', 'Ongoing', 0),
(5047, 'P101-008', 'Back Pain', '2023-01-01', '2023-01-10', 'Moderate', 'Unrelated', 'None', 'Recovered/Resolved', 0),
(5048, 'P101-010', 'Flu-like symptoms', '2022-12-15', '2022-12-20', 'Mild', 'Not Related', 'None', 'Recovered/Resolved', 0),
(5049, 'P101-011', 'Severe Depression', '2023-01-01', '2023-03-01', 'Severe', 'Possibly Related', 'None', 'Recovering', 1),
(5050, 'P101-013', 'Cough', '2023-01-15', '2023-01-25', 'Mild', 'Not Related', 'None', 'Recovered/Resolved', 0),
(5051, 'P101-014', 'Pruritus', '2023-02-01', '2023-02-05', 'Moderate', 'Definitely Related', 'Dose Reduced', 'Recovered/Resolved', 0),
(5052, 'P101-016', 'Fever', '2023-02-10', '2023-02-12', 'Mild', 'Not Related', 'None', 'Recovered/Resolved', 0),
(5053, 'P101-018', 'Diarrhea', '2023-02-20', '2023-02-25', 'Moderate', 'Probably Related', 'None', 'Recovered/Resolved', 0),
(5054, 'P101-019', 'Vertigo', '2023-03-01', '2023-03-05', 'Mild', 'Possibly Related', 'None', 'Recovered/Resolved', 0),
(5055, 'P101-021', 'Vision Blurriness', '2023-03-10', '2023-03-15', 'Moderate', 'Definitely Related', 'Drug Withdrawn', 'Recovered/Resolved', 0),
(5056, 'P101-022', 'Insomnia', '2023-03-20', '2023-04-01', 'Mild', 'Not Related', 'None', 'Recovered/Resolved', 0),
(5057, 'P205-004', 'Fatigue', '2023-05-10', '2023-05-15', 'Moderate', 'Definitely Related', 'None', 'Recovered/Resolved', 0),
(5058, 'P205-006', 'Dry Mouth', '2023-06-20', '2023-06-25', 'Mild', 'Not Related', 'None', 'Recovered/Resolved', 0),
(5059, 'P205-008', 'Vivid Dreams', '2023-07-15', '2023-07-20', 'Mild', 'Possibly Related', 'None', 'Recovered/Resolved', 0);